{
  "dataset": "bank_marketing",
  "best_avg_wd": 23.389474337234223,
  "best_trial": 32,
  "n_trials": 50,
  "elapsed_sec": 23097.270507097244,
  "best_params": {
    "sigma": 0.24602924679160873,
    "num_steps": 1719,
    "eps": 0.00013675796304658358,
    "inner_iters": 2040,
    "lr": 0.0004058460535584543,
    "batch_size": 512,
    "imf_len": 7,
    "first_coupling": "ind",
    "noise": true
  }
}