{
  "dataset": "diabetes",
  "best_avg_wd": 0.9403079970197945,
  "best_trial": 32,
  "n_trials": 50,
  "elapsed_sec": 540.256078004837,
  "best_params": {
    "sigma": 0.11447918219719028,
    "num_steps": 553,
    "eps": 0.00019132345546370806,
    "inner_iters": 1099,
    "lr": 7.334882137161003e-05,
    "batch_size": 256,
    "imf_len": 3,
    "first_coupling": "ind",
    "noise": false
  }
}