{
  "dataset": "online_shoppers",
  "best_avg_wd": 16.807943708601663,
  "best_trial": 23,
  "n_trials": 50,
  "elapsed_sec": 5364.202903985977,
  "best_params": {
    "sigma": 0.1878642095873392,
    "num_steps": 369,
    "eps": 0.00180260632276414,
    "inner_iters": 3794,
    "lr": 0.00017388369021299817,
    "batch_size": 512,
    "imf_len": 7,
    "first_coupling": "ind",
    "noise": false
  }
}