{
  "dataset": "bank_loan",
  "best_avg_wd": 0.08916003490474819,
  "best_trial": 21,
  "n_trials": 50,
  "elapsed_sec": 3169.6193442344666,
  "best_params": {
    "sigma": 0.1120341952421119,
    "num_steps": 625,
    "eps": 0.00441792929954939,
    "inner_iters": 1377,
    "lr": 0.00031540618783677034,
    "batch_size": 512,
    "imf_len": 7,
    "first_coupling": "ind",
    "noise": true
  }
}