{
  "dataset": "bank_marketing",
  "best_avg_wd": 0.07883067119035507,
  "best_trial": 44,
  "n_trials": 50,
  "elapsed_sec": 3575.5287992954254,
  "best_params": {
    "sigma": 0.12830552196559514,
    "num_steps": 407,
    "eps": 0.0001277665042047621,
    "inner_iters": 3456,
    "lr": 0.00038092614755518873,
    "batch_size": 256,
    "imf_len": 5,
    "first_coupling": "ind",
    "noise": true
  }
}