{
  "dataset": "california_housing",
  "best_avg_wd": 0.05530580543497968,
  "best_trial": 19,
  "n_trials": 50,
  "elapsed_sec": 3937.5694348812103,
  "best_params": {
    "sigma": 0.2029253935523103,
    "num_steps": 366,
    "eps": 0.004868373013451459,
    "inner_iters": 3373,
    "lr": 0.0004622318828889747,
    "batch_size": 256,
    "imf_len": 3,
    "first_coupling": "ind",
    "noise": true
  }
}