{
  "dataset": "covertype",
  "best_avg_wd": 0.04649046725295566,
  "best_trial": 42,
  "n_trials": 50,
  "elapsed_sec": 5462.359006166458,
  "best_params": {
    "sigma": 0.10438111361684693,
    "num_steps": 608,
    "eps": 0.0032544477767841497,
    "inner_iters": 3385,
    "lr": 0.0003730405888199755,
    "batch_size": 256,
    "imf_len": 3,
    "first_coupling": "ind",
    "noise": false
  }
}