{
  "dataset": "diabetes",
  "best_avg_wd": 0.19271979637927455,
  "best_trial": 14,
  "n_trials": 50,
  "elapsed_sec": 1662.4812936782837,
  "best_params": {
    "sigma": 0.030921572415730018,
    "num_steps": 760,
    "eps": 0.001746821320146069,
    "inner_iters": 1227,
    "lr": 0.000202517328950868,
    "batch_size": 128,
    "imf_len": 7,
    "first_coupling": "ind",
    "noise": true
  }
}