{
  "dataset": "german_credit",
  "best_avg_wd": 0.15441107319682737,
  "best_trial": 43,
  "n_trials": 50,
  "elapsed_sec": 4322.211373567581,
  "best_params": {
    "sigma": 0.0652220243505364,
    "num_steps": 564,
    "eps": 0.0015904205664239034,
    "inner_iters": 3359,
    "lr": 0.000174908987561559,
    "batch_size": 512,
    "imf_len": 3,
    "first_coupling": "ind",
    "noise": false
  }
}