{
  "dataset": "king_county_housing",
  "best_avg_wd": 0.08483286370097244,
  "best_trial": 48,
  "n_trials": 50,
  "elapsed_sec": 2842.213942050934,
  "best_params": {
    "sigma": 0.11447431067972494,
    "num_steps": 603,
    "eps": 0.00127600767239776,
    "inner_iters": 2802,
    "lr": 0.0002745759458761963,
    "batch_size": 512,
    "imf_len": 5,
    "first_coupling": "ind",
    "noise": true
  }
}