{
  "dataset": "online_news_popularity",
  "best_avg_wd": 0.19432330019645347,
  "best_trial": 42,
  "n_trials": 50,
  "elapsed_sec": 3222.167132616043,
  "best_params": {
    "sigma": 0.2546357490803809,
    "num_steps": 1185,
    "eps": 0.0007717535210042702,
    "inner_iters": 4000,
    "lr": 0.0004339141205235497,
    "batch_size": 128,
    "imf_len": 3,
    "first_coupling": "ind",
    "noise": false
  }
}