{
  "dataset": "online_shoppers",
  "best_avg_wd": 0.08580627151431178,
  "best_trial": 44,
  "n_trials": 50,
  "elapsed_sec": 6417.181690692902,
  "best_params": {
    "sigma": 0.19728953673335278,
    "num_steps": 1191,
    "eps": 0.000545621097338544,
    "inner_iters": 1794,
    "lr": 0.0003118223852635033,
    "batch_size": 512,
    "imf_len": 7,
    "first_coupling": "ind",
    "noise": true
  }
}