{
  "dataset": "bank_marketing",
  "target_col": "pdays",
  "n_splits": 5,
  "shuffle": true,
  "seed": 42,
  "tabpfgen_config": {
    "target_col": "pdays",
    "task": "auto",
    "n_sgld_steps": 1000,
    "sgld_step_size": 0.01,
    "sgld_noise_scale": 0.01,
    "device": "cuda",
    "balance_classes": false,
    "use_quantiles": false,
    "seed": 42
  },
  "metrics_mean": {
    "avg_kl": 0.22076999800099034,
    "avg_wd": 0.06491427500789308,
    "corr_frob": 0.20201336305999568,
    "delta_r2_percent": 1.0290784257635335,
    "r2_real": 0.7638396560098271,
    "r2_synth": 0.7717557800459897
  },
  "metrics_std": {
    "avg_kl": 0.03446664136611942,
    "avg_wd": 0.005131545401208324,
    "corr_frob": 0.019816927119988954,
    "delta_r2_percent": 0.7401483872630252,
    "r2_real": 0.013733926204154789,
    "r2_synth": 0.017712304313385028
  }
}