dataset,fold,n_train,n_test,avg_kl,avg_wd,corr_frob,delta_r2_percent,r2_real,r2_synth
bank_marketing,0,5000,5000,0.24879370425076267,0.05963127257927569,0.21768989517202672,0.36639112833882026,0.771109922362502,0.7739352007077822
bank_marketing,1,5000,5000,0.20272579446834144,0.07094098002706048,0.1787066997732043,0.9540844221315778,0.7422893955381576,0.7493714630281314
bank_marketing,2,5000,5000,0.18753452407022358,0.061542247694280135,0.20601599178853697,2.461210036754856,0.7840377572026666,0.8033345731749109
bank_marketing,3,5000,5000,0.19084194544093,0.07135717451153824,0.17982713130358877,0.6487771963110398,0.7604576023515803,0.7653912778632576
bank_marketing,4,5000,5000,0.27395402177469397,0.06109970022731085,0.22782709726262154,0.7149293452813732,0.7613036025942285,0.766746385455866
