{
  "dataset": "bank_loan",
  "target_col": "Income",
  "n_splits": 5,
  "shuffle": true,
  "seed": 42,
  "tabpfgen_config": {
    "target_col": "Income",
    "task": "auto",
    "n_sgld_steps": 1000,
    "sgld_step_size": 0.01,
    "sgld_noise_scale": 0.01,
    "device": "cuda",
    "balance_classes": false,
    "use_quantiles": false,
    "seed": 42
  },
  "metrics_mean": {
    "avg_kl": 0.13394091589574317,
    "avg_wd": 0.08655160131581033,
    "corr_frob": 0.4566316522359545,
    "delta_r2_percent": -9.36619402478977,
    "r2_real": 0.5470575524840479,
    "r2_synth": 0.4958801188971826
  },
  "metrics_std": {
    "avg_kl": 0.07649248758892865,
    "avg_wd": 0.00720435978468278,
    "corr_frob": 0.032947145351693005,
    "delta_r2_percent": 3.142513502981134,
    "r2_real": 0.019815555598412637,
    "r2_synth": 0.025943235929983762
  }
}