dataset,fold,n_train,n_test,avg_kl,avg_wd,corr_frob,delta_r2_percent,r2_real,r2_synth
bank_loan,0,4000,1000,0.2813474442837437,0.07956278004049241,0.4587796515482159,-8.95134908213245,0.5657010177598054,0.5150631448988596
bank_loan,1,4000,1000,0.13021213528195186,0.09225932893011925,0.488380261878635,-12.119466284548057,0.5291758736776816,0.46504258208123117
bank_loan,2,4000,1000,0.08781777737164119,0.09413681957004182,0.48377713003232686,-7.7838769636513705,0.5751252804131881,0.5303582361988928
bank_loan,3,4000,1000,0.10287123775138682,0.09049480831608021,0.4562356704915064,-13.394655235013502,0.5394464774721968,0.4671894816372373
bank_loan,4,4000,1000,0.06745598478999229,0.07630426972231792,0.3959855472290881,-4.58162255860348,0.5258391130973676,0.5017471496696924
