{
  "dataset": "california_housing",
  "target_col": "MedHouseVal",
  "n_splits": 5,
  "shuffle": true,
  "seed": 42,
  "tabpfgen_config": {
    "target_col": "MedHouseVal",
    "task": "auto",
    "n_sgld_steps": 1000,
    "sgld_step_size": 0.01,
    "sgld_noise_scale": 0.01,
    "device": "cuda",
    "balance_classes": false,
    "use_quantiles": false,
    "seed": 42
  },
  "metrics_mean": {
    "avg_kl": 0.01531492211381626,
    "avg_wd": 0.034029852476592445,
    "corr_frob": 0.3954131384890059,
    "delta_r2_percent": -1.3982059308466153,
    "r2_real": 0.8264655620702115,
    "r2_synth": 0.814893629723603
  },
  "metrics_std": {
    "avg_kl": 0.003713341514460327,
    "avg_wd": 0.006921936701535045,
    "corr_frob": 0.12895145228486785,
    "delta_r2_percent": 0.2754446178305814,
    "r2_real": 0.009210592370201004,
    "r2_synth": 0.0078120295321565635
  }
}