dataset,fold,n_train,n_test,avg_kl,avg_wd,corr_frob,delta_r2_percent,r2_real,r2_synth
california_housing,0,5000,4128,0.015434526630728631,0.03019807954579467,0.33509648819850313,-1.1740193476766252,0.8231996375485963,0.8135351145337602
california_housing,1,5000,4128,0.021828603587892542,0.031513800959931906,0.20262014935856953,-1.3590373496591464,0.8340051111907392,0.8226706702315771
california_housing,2,5000,4128,0.012954970237364487,0.032730858312836716,0.46365029379782186,-1.0506563789362016,0.8159780425430888,0.8074049171883806
california_housing,3,5000,4128,0.015607463707784005,0.047539043531721004,0.5893134707845071,-1.8040622441347347,0.8402348189513025,0.8250764598205101
california_housing,4,5000,4128,0.010749046405311623,0.028167480032677945,0.38638529030562774,-1.6032543338263687,0.8189102001173308,0.8057809868437875
