dataset,fold,n_train,n_test,avg_kl,avg_wd,corr_frob,delta_r2_percent,r2_real,r2_synth
covertype,0,5000,5000,0.012779225985141246,0.030380871539287525,0.23437962573910087,-4.598412198355999,0.6702238022933691,0.6394041492123794
covertype,1,5000,5000,0.012689541040360661,0.038648985966370494,0.31406100210845,-3.754796137345732,0.6506526007809539,0.6262219220592535
covertype,2,5000,5000,0.013067671454956709,0.03665922969969715,0.32842112305877796,-4.778420061809122,0.6846386741038231,0.6519237623494942
covertype,3,5000,5000,0.016855291540783166,0.0377146778045987,0.23695268100282033,-5.583944141675463,0.6786810673582121,0.6407838956567469
covertype,4,5000,5000,0.0210718296797619,0.03855602949748364,0.32206032877657675,-2.316874216716283,0.668689678837483,0.6531969800786313
