{
  "dataset": "covertype",
  "target_col": "Horizontal_Distance_To_Hydrology",
  "n_splits": 5,
  "shuffle": true,
  "seed": 42,
  "tabpfgen_config": {
    "target_col": "Horizontal_Distance_To_Hydrology",
    "task": "auto",
    "n_sgld_steps": 1000,
    "sgld_step_size": 0.01,
    "sgld_noise_scale": 0.01,
    "device": "cuda",
    "balance_classes": false,
    "use_quantiles": false,
    "seed": 42
  },
  "metrics_mean": {
    "avg_kl": 0.015292711940200737,
    "avg_wd": 0.0363919589014875,
    "corr_frob": 0.2871749521371452,
    "delta_r2_percent": -4.20648935118052,
    "r2_real": 0.6705771646747681,
    "r2_synth": 0.642306141871301
  },
  "metrics_std": {
    "avg_kl": 0.0032828272082733004,
    "avg_wd": 0.0030897107621359328,
    "corr_frob": 0.042310090544447475,
    "delta_r2_percent": 1.1093026702912452,
    "r2_real": 0.011524539038446245,
    "r2_synth": 0.009803569782617202
  }
}