{
  "dataset": "diabetes",
  "target_col": "target",
  "n_splits": 5,
  "shuffle": true,
  "seed": 42,
  "tabpfgen_config": {
    "target_col": "target",
    "task": "auto",
    "n_sgld_steps": 1000,
    "sgld_step_size": 0.01,
    "sgld_noise_scale": 0.01,
    "device": "cuda",
    "balance_classes": false,
    "use_quantiles": false,
    "seed": 42
  },
  "metrics_mean": {
    "avg_kl": 1.8396613650074944,
    "avg_wd": 0.2171897583010547,
    "corr_frob": 1.4708331477021026,
    "delta_r2_percent": 2.9853083167024588,
    "r2_real": 0.4022958673577358,
    "r2_synth": 0.4157063338396895
  },
  "metrics_std": {
    "avg_kl": 0.38183549820994706,
    "avg_wd": 0.03295419957319536,
    "corr_frob": 0.23552792083451501,
    "delta_r2_percent": 2.593865069219908,
    "r2_real": 0.0585948257706487,
    "r2_synth": 0.06846779847889048
  }
}