dataset,fold,n_train,n_test,avg_kl,avg_wd,corr_frob,delta_r2_percent,r2_real,r2_synth
diabetes,0,353,89,1.722581720139226,0.18464911635473985,1.3337194982396203,5.486979448560825,0.4151444668832156,0.4379233584629899
diabetes,1,353,89,2.2007820037526633,0.2089129097824919,1.3039448838211838,4.557625098793698,0.45192329614215887,0.47252026571447525
diabetes,2,354,88,1.3422193664143964,0.2743059935609361,1.8024040796447691,-1.771204581082543,0.29489624775753664,0.2896730319077969
diabetes,3,354,88,2.357080054129473,0.23034071309193177,1.2116959803055496,4.3396863863806345,0.4563413377452882,0.4761451206548911
diabetes,4,354,88,1.5756436806017124,0.1877400587151738,1.70240129649939,2.313455230859677,0.39317398826047945,0.40226989245829425
