{
  "dataset": "german_credit",
  "target_col": "duration",
  "n_splits": 5,
  "shuffle": true,
  "seed": 42,
  "tabpfgen_config": {
    "target_col": "duration",
    "task": "auto",
    "n_sgld_steps": 1000,
    "sgld_step_size": 0.01,
    "sgld_noise_scale": 0.01,
    "device": "cuda",
    "balance_classes": false,
    "use_quantiles": false,
    "seed": 42
  },
  "metrics_mean": {
    "avg_kl": 2.476802964114607,
    "avg_wd": 0.17405039463390254,
    "corr_frob": 0.47170239308802453,
    "delta_r2_percent": 77.5353135471228,
    "r2_real": 0.2402989591869102,
    "r2_synth": 0.36799305645302993
  },
  "metrics_std": {
    "avg_kl": 0.6225297879846419,
    "avg_wd": 0.02212101426635488,
    "corr_frob": 0.10214539061009495,
    "delta_r2_percent": 66.74957809776258,
    "r2_real": 0.09666101504908269,
    "r2_synth": 0.045610657236651815
  }
}