dataset,fold,n_train,n_test,avg_kl,avg_wd,corr_frob,delta_r2_percent,r2_real,r2_synth
german_credit,0,800,200,3.195137473027733,0.18392505171914988,0.4312119685073264,34.542216837438325,0.3069774275606323,0.41301423623096145
german_credit,1,800,200,1.672906337506807,0.17899370562953254,0.6058340951754847,53.49592167488212,0.22247668385917774,0.34149263640189353
german_credit,2,800,200,2.145872818363245,0.20668477303625857,0.4970867959820784,202.18768366098504,0.10212345990372429,0.30860451795954114
german_credit,3,800,200,3.2232009180736614,0.15850608968809873,0.300812508755727,12.304270340463608,0.3820968377205509,0.42911106559617307
german_credit,4,800,200,2.1468972736015863,0.14214235309647288,0.5235665970195061,85.14647522184485,0.18782038689046576,0.3477428260765808
