dataset,fold,n_train,n_test,avg_kl,avg_wd,corr_frob,delta_r2_percent,r2_real,r2_synth
king_county_housing,0,5000,4323,0.03387164733778266,0.038682023966799976,0.46088862927818625,-2.298101207259786,0.837442595053326,0.8181973166662748
king_county_housing,1,5000,4323,0.018801689015125977,0.033852849417947715,0.5691380172248446,0.24557389472148825,0.820037981583285,0.822051780792857
king_county_housing,2,5000,4323,0.019864809065968627,0.0252919857872157,0.29430904563675775,1.2446338303002034,0.7858741884200844,0.7956554444327704
king_county_housing,3,5000,4322,0.02427248390782276,0.02894252850785509,0.4447129620424882,-0.10380926423363315,0.8271080165782764,0.826249401831848
king_county_housing,4,5000,4322,0.01757441689257628,0.030536412945218427,0.37656480132393966,2.126633913998098,0.8250601394697492,0.8426061482066142
