dataset,fold,n_train,n_test,avg_kl,avg_wd,corr_frob,delta_r2_percent,r2_real,r2_synth
online_shoppers,0,5000,2466,0.06209105138904587,0.04816638507723219,0.28289549733433256,1.9401243785254187,0.8016313832207572,0.8171840291125531
online_shoppers,1,5000,2466,0.045165991195747206,0.041644286745822205,0.46375770863553306,-0.7894057000574918,0.7834371588414935,0.7772526612532223
online_shoppers,2,5000,2466,0.04545819748937348,0.049767649760732786,0.33688397473733844,3.8025289981906365,0.7641446484432621,0.7932014702884771
online_shoppers,3,5000,2466,0.07156142140449179,0.05251384566962067,0.2936797530209225,-0.4223248334322881,0.7880162287027107,0.7846882404774184
online_shoppers,4,5000,2466,0.059751947693871495,0.04310135383276853,0.34214272674550245,0.18090014651669115,0.8006027237438409,0.8020510152441119
