dataset,fold,n_train,n_test,avg_kl,avg_wd,corr_frob,delta_r2_percent,r2_real,r2_synth
online_news_popularity,0,5000,7929,0.06831770817180917,0.026481066457292913,1.660884480872743,-27.11765132761389,-0.013907681880247935,-0.017679118560558482
online_news_popularity,1,5000,7929,0.0595194539839284,0.027780731056546864,1.9203021640216345,-239.2276405317012,-0.0036361458317326623,-0.01233481171367079
online_news_popularity,2,5000,7929,0.0639578680375718,0.026104691453440083,1.5803474561489397,-5472.347719123892,0.0005102330345095885,-0.027411492846415975
online_news_popularity,3,5000,7929,0.05091583208496441,0.02816952003391462,1.5764385075741782,87.61633703657985,-0.14468059150316392,-0.017916756824358337
online_news_popularity,4,5000,7928,0.04933652882446764,0.0723647409564337,4.312951069827381,-108.22549950355511,-0.010847653626218312,-0.022587580948690844
