{
  "dataset": "online_shoppers",
  "target_col": "ProductRelated",
  "n_splits": 5,
  "shuffle": true,
  "seed": 42,
  "tabpfgen_config": {
    "target_col": "ProductRelated",
    "task": "auto",
    "n_sgld_steps": 1000,
    "sgld_step_size": 0.01,
    "sgld_noise_scale": 0.01,
    "device": "cuda",
    "balance_classes": false,
    "use_quantiles": false,
    "seed": 42
  },
  "metrics_mean": {
    "avg_kl": 0.05680572183450596,
    "avg_wd": 0.04703870421723528,
    "corr_frob": 0.3438719320947258,
    "delta_r2_percent": 0.9423645979485933,
    "r2_real": 0.7875664285904129,
    "r2_synth": 0.7948754832751566
  },
  "metrics_std": {
    "avg_kl": 0.010184255134474988,
    "avg_wd": 0.004081628344936716,
    "corr_frob": 0.06428343729488344,
    "delta_r2_percent": 1.7098127789978577,
    "r2_real": 0.013664559371913642,
    "r2_synth": 0.013901838495200056
  }
}