{
  "dataset": "online_news_popularity",
  "target_col": " shares",
  "n_splits": 5,
  "shuffle": true,
  "seed": 42,
  "tabpfgen_config": {
    "target_col": " shares",
    "task": "auto",
    "n_sgld_steps": 1000,
    "sgld_step_size": 0.01,
    "sgld_noise_scale": 0.01,
    "device": "cuda",
    "balance_classes": false,
    "use_quantiles": false,
    "seed": 42
  },
  "metrics_mean": {
    "avg_kl": 0.05840947822054828,
    "avg_wd": 0.036180149991525634,
    "corr_frob": 2.2101847356889754,
    "delta_r2_percent": -1151.8604346900363,
    "r2_real": -0.03451236796137065,
    "r2_synth": -0.019585952178738885
  },
  "metrics_std": {
    "avg_kl": 0.007330250195910042,
    "avg_wd": 0.018108738996503688,
    "corr_frob": 1.058840706776203,
    "delta_r2_percent": 2162.8699390506704,
    "r2_real": 0.05532003786140405,
    "r2_synth": 0.005084292037968075
  }
}