{
  "dataset": "bank_marketing",
  "target_col": "pdays",
  "n_splits": 5,
  "shuffle": true,
  "seed": 42,
  "best_params_path": "C:\\Users\\Anaxagor\\Documents\\projects\\sb-tabular\\sbtab\\experiments\\dsbm_optuna_results\\bank_marketing_best.json",
  "best_params": {
    "sigma": 0.12830552196559514,
    "num_steps": 407,
    "eps": 0.0001277665042047621,
    "inner_iters": 3456,
    "lr": 0.00038092614755518873,
    "batch_size": 256,
    "imf_len": 5,
    "first_coupling": "ind",
    "noise": true
  },
  "dsbm_config": {
    "fb_sequence": [
      "b",
      "f",
      "b",
      "f",
      "b"
    ],
    "num_steps": 407,
    "sigma": 0.12830552196559514,
    "eps": 0.0001277665042047621,
    "first_coupling": "ind",
    "inner_iters": 3456,
    "batch_size": 256,
    "lr": 0.00038092614755518873,
    "weight_decay": 0.0,
    "grad_clip": 1.0,
    "loss_kind": "mse",
    "loss_reduction": "mean",
    "noise": true,
    "device": "cuda",
    "seed": 42
  },
  "metrics_mean": {
    "avg_kl": 0.055491305651996406,
    "avg_wd": 0.0949342973251315,
    "corr_frob": 0.297027277264441,
    "delta_r2_percent": -12.566965365852178,
    "r2_real": 0.7987829061414337,
    "r2_synth": 0.6983797745408191
  },
  "metrics_std": {
    "avg_kl": 0.005571365011458869,
    "avg_wd": 0.0068166413537000545,
    "corr_frob": 0.12316869813951466,
    "delta_r2_percent": 1.633857561473915,
    "r2_real": 0.006383336016279491,
    "r2_synth": 0.013117414213556866
  }
}