dataset,fold,n_train,n_test,avg_kl,avg_wd,corr_frob,delta_r2_percent,r2_real,r2_synth
bank_loan,0,4000,1000,0.10061378132458568,0.11082138047856484,0.3314606053223176,-24.548424835083413,0.5657010177598054,0.42683032862349224
bank_loan,1,4000,1000,0.11086451287698383,0.10743826394091384,0.46724710914742984,-25.729340720543515,0.5291758736776816,0.39302241012798067
bank_loan,2,4000,1000,0.10245222863220584,0.09710984623810855,0.3940049188292948,-24.23335276623958,0.5751252804131881,0.4357531423625933
bank_loan,3,4000,1000,0.09858953161514131,0.09979039755431696,0.49194449580529287,-22.645487374961604,0.5394464774721968,0.4172861935213289
bank_loan,4,4000,1000,0.07978904517498206,0.11153553733982399,0.3885298496462412,-28.372077016435927,0.5258391130973676,0.3766476349465552
