{
  "dataset": "bank_loan",
  "target_col": "Income",
  "n_splits": 5,
  "shuffle": true,
  "seed": 42,
  "best_params_path": "C:\\Users\\Anaxagor\\Documents\\projects\\sb-tabular\\sbtab\\experiments\\dsbm_optuna_results\\bank_loan_best.json",
  "best_params": {
    "sigma": 0.1120341952421119,
    "num_steps": 625,
    "eps": 0.00441792929954939,
    "inner_iters": 1377,
    "lr": 0.00031540618783677034,
    "batch_size": 512,
    "imf_len": 7,
    "first_coupling": "ind",
    "noise": true
  },
  "dsbm_config": {
    "fb_sequence": [
      "b",
      "f",
      "b",
      "f",
      "b",
      "f",
      "b"
    ],
    "num_steps": 625,
    "sigma": 0.1120341952421119,
    "eps": 0.00441792929954939,
    "first_coupling": "ind",
    "inner_iters": 1377,
    "batch_size": 512,
    "lr": 0.00031540618783677034,
    "weight_decay": 0.0,
    "grad_clip": 1.0,
    "loss_kind": "mse",
    "loss_reduction": "mean",
    "noise": true,
    "device": "cuda",
    "seed": 42
  },
  "metrics_mean": {
    "avg_kl": 0.09846181992477973,
    "avg_wd": 0.10533908511034565,
    "corr_frob": 0.41463739575011527,
    "delta_r2_percent": -25.105736542652807,
    "r2_real": 0.5470575524840479,
    "r2_synth": 0.4099079419163901
  },
  "metrics_std": {
    "avg_kl": 0.010228097761732106,
    "avg_wd": 0.0058543392540930895,
    "corr_frob": 0.05791347200093032,
    "delta_r2_percent": 1.9069524389047914,
    "r2_real": 0.019815555598412637,
    "r2_synth": 0.02190958401348573
  }
}