dataset,fold,n_train,n_test,avg_kl,avg_wd,corr_frob,delta_r2_percent,r2_real,r2_synth
bank_marketing,0,36168,9043,0.050398722791100754,0.08475760010712986,0.21432864428320014,-14.373121277397832,0.809259549359473,0.692943692880969
bank_marketing,1,36169,9042,0.0493557259276473,0.09986320330659314,0.5419953764892078,-13.051113438254497,0.7979271986369986,0.6937888147880671
bank_marketing,2,36169,9042,0.054945897568314514,0.10243526326348582,0.2373036646342395,-11.303703283327579,0.8010585301640921,0.710509250788445
bank_marketing,3,36169,9042,0.05806034713108467,0.08902906852727006,0.25522724652783557,-10.08778733666505,0.795775720760112,0.7154995583729176
bank_marketing,4,36169,9042,0.06469583484183479,0.0985863514211786,0.2362814543877222,-14.019101493615924,0.7898935317864926,0.6791575558736966
