dataset,fold,n_train,n_test,avg_kl,avg_wd,corr_frob,delta_r2_percent,r2_real,r2_synth
california_housing,0,16512,4128,0.06570102362667425,0.07264759722968707,0.9690775055993367,-17.164202131035434,0.8511826166378157,0.7050839118136929
california_housing,1,16512,4128,0.04680025191755164,0.0627463817098716,0.24856392723119836,-17.384094064066375,0.8554515997019503,0.7067390889370289
california_housing,2,16512,4128,0.07746815947336014,0.0610802943196986,0.5369124829423694,-17.190360349571467,0.8476283592326498,0.7019179898552252
california_housing,3,16512,4128,0.045834337932398786,0.061592335075591004,0.585025172383412,-14.85285613269218,0.8652425275235882,0.7367292997114916
california_housing,4,16512,4128,0.05537290681488315,0.06105579912943309,0.9731580450828656,-17.255975197891004,0.8491228467062308,0.702598418878805
