{
  "dataset": "california_housing",
  "target_col": "MedHouseVal",
  "n_splits": 5,
  "shuffle": true,
  "seed": 42,
  "best_params_path": "C:\\Users\\Anaxagor\\Documents\\projects\\sb-tabular\\sbtab\\experiments\\dsbm_optuna_results\\california_housing_best.json",
  "best_params": {
    "sigma": 0.2029253935523103,
    "num_steps": 366,
    "eps": 0.004868373013451459,
    "inner_iters": 3373,
    "lr": 0.0004622318828889747,
    "batch_size": 256,
    "imf_len": 3,
    "first_coupling": "ind",
    "noise": true
  },
  "dsbm_config": {
    "fb_sequence": [
      "b",
      "f",
      "b"
    ],
    "num_steps": 366,
    "sigma": 0.2029253935523103,
    "eps": 0.004868373013451459,
    "first_coupling": "ind",
    "inner_iters": 3373,
    "batch_size": 256,
    "lr": 0.0004622318828889747,
    "weight_decay": 0.0,
    "grad_clip": 1.0,
    "loss_kind": "mse",
    "loss_reduction": "mean",
    "noise": true,
    "device": "cuda",
    "seed": 42
  },
  "metrics_mean": {
    "avg_kl": 0.0582353359529736,
    "avg_wd": 0.06382448149285627,
    "corr_frob": 0.6625474266478364,
    "delta_r2_percent": -16.769497575051293,
    "r2_real": 0.8537255899604469,
    "r2_synth": 0.7106137418392487
  },
  "metrics_std": {
    "avg_kl": 0.011986470643034432,
    "avg_wd": 0.004453949109420688,
    "corr_frob": 0.27698946635638105,
    "delta_r2_percent": 0.9613345829515674,
    "r2_real": 0.0063316213056830665,
    "r2_synth": 0.013171756321239398
  }
}