{
  "dataset": "covertype",
  "target_col": "Horizontal_Distance_To_Hydrology",
  "n_splits": 5,
  "shuffle": true,
  "seed": 42,
  "best_params_path": "C:\\Users\\Anaxagor\\Documents\\projects\\sb-tabular\\sbtab\\experiments\\dsbm_optuna_results\\covertype_best.json",
  "best_params": {
    "sigma": 0.10438111361684693,
    "num_steps": 608,
    "eps": 0.0032544477767841497,
    "inner_iters": 3385,
    "lr": 0.0003730405888199755,
    "batch_size": 256,
    "imf_len": 3,
    "first_coupling": "ind",
    "noise": false
  },
  "dsbm_config": {
    "fb_sequence": [
      "b",
      "f",
      "b"
    ],
    "num_steps": 608,
    "sigma": 0.10438111361684693,
    "eps": 0.0032544477767841497,
    "first_coupling": "ind",
    "inner_iters": 3385,
    "batch_size": 256,
    "lr": 0.0003730405888199755,
    "weight_decay": 0.0,
    "grad_clip": 1.0,
    "loss_kind": "mse",
    "loss_reduction": "mean",
    "noise": false,
    "device": "cuda",
    "seed": 42
  },
  "metrics_mean": {
    "avg_kl": 0.01972252666863476,
    "avg_wd": 0.07940239400902308,
    "corr_frob": 0.30008119612190715,
    "delta_r2_percent": -25.255686389853622,
    "r2_real": 0.7795847935959728,
    "r2_synth": 0.5826941623915423
  },
  "metrics_std": {
    "avg_kl": 0.002765737136738061,
    "avg_wd": 0.010237145163312963,
    "corr_frob": 0.08449545724199176,
    "delta_r2_percent": 0.6781127624201179,
    "r2_real": 0.0009261463216961001,
    "r2_synth": 0.0052038510311904354
  }
}