dataset,fold,n_train,n_test,avg_kl,avg_wd,corr_frob,delta_r2_percent,r2_real,r2_synth
covertype,0,464809,116203,0.021494028438317252,0.08907155723867258,0.46851395577192967,-25.896787731274085,0.7807870220870509,0.5785882643435722
covertype,1,464809,116203,0.016025546143210997,0.06288628829922734,0.25285502963149054,-26.171509717599246,0.7788162642007165,0.5749882899329208
covertype,2,464810,116202,0.024029194662602983,0.08700172091110421,0.2600388986209476,-24.772363046394922,0.7783694216802478,0.5855489226992445
covertype,3,464810,116202,0.018361336448881525,0.0860862453379737,0.2695065233469137,-25.064956483896978,0.780460454292446,0.5848383810497692
covertype,4,464810,116202,0.018702527650161047,0.07196615825813758,0.24949157323825438,-24.372814970102873,0.7794908057194027,0.5895069539322049
