{
  "dataset": "diabetes",
  "target_col": "target",
  "n_splits": 5,
  "shuffle": true,
  "seed": 42,
  "best_params_path": "C:\\Users\\Anaxagor\\Documents\\projects\\sb-tabular\\sbtab\\experiments\\dsbm_optuna_results\\diabetes_best.json",
  "best_params": {
    "sigma": 0.030921572415730018,
    "num_steps": 760,
    "eps": 0.001746821320146069,
    "inner_iters": 1227,
    "lr": 0.000202517328950868,
    "batch_size": 128,
    "imf_len": 7,
    "first_coupling": "ind",
    "noise": true
  },
  "dsbm_config": {
    "fb_sequence": [
      "b",
      "f",
      "b",
      "f",
      "b",
      "f",
      "b"
    ],
    "num_steps": 760,
    "sigma": 0.030921572415730018,
    "eps": 0.001746821320146069,
    "first_coupling": "ind",
    "inner_iters": 1227,
    "batch_size": 128,
    "lr": 0.000202517328950868,
    "weight_decay": 0.0,
    "grad_clip": 1.0,
    "loss_kind": "mse",
    "loss_reduction": "mean",
    "noise": true,
    "device": "cuda",
    "seed": 42
  },
  "metrics_mean": {
    "avg_kl": 1.309769442208398,
    "avg_wd": 0.2502879250193048,
    "corr_frob": 1.379445867683439,
    "delta_r2_percent": -21.10106669092254,
    "r2_real": 0.4022958673577358,
    "r2_synth": 0.3267355842349183
  },
  "metrics_std": {
    "avg_kl": 0.3679402588176586,
    "avg_wd": 0.07774594583643213,
    "corr_frob": 0.1664776883674696,
    "delta_r2_percent": 17.4911685261022,
    "r2_real": 0.0585948257706487,
    "r2_synth": 0.1065608977744161
  }
}