dataset,fold,n_train,n_test,avg_kl,avg_wd,corr_frob,delta_r2_percent,r2_real,r2_synth
diabetes,0,353,89,0.9192253492006539,0.20338026373009743,1.1318274095453882,-13.675689660105569,0.4151444668832156,0.35837059795103055
diabetes,1,353,89,1.760884359362708,0.22820409593105148,1.2785437920168012,-19.930423164906113,0.45192329614215887,0.3618530708400355
diabetes,2,354,88,1.5178494318322822,0.40471200684502656,1.626995609101795,-50.52706601814474,0.29489624775753664,0.14589382596754918
diabetes,3,354,88,1.5229256184898272,0.20321414225072726,1.4112290046210598,3.284692313993012,0.4563413377452882,0.4713307465918134
diabetes,4,354,88,0.8279624521565193,0.21192911633962122,1.4486335231321505,-24.656846925449294,0.39317398826047945,0.2962296798241625
