{
  "dataset": "german_credit",
  "target_col": "duration",
  "n_splits": 5,
  "shuffle": true,
  "seed": 42,
  "best_params_path": "C:\\Users\\Anaxagor\\Documents\\projects\\sb-tabular\\sbtab\\experiments\\dsbm_optuna_results\\german_credit_best.json",
  "best_params": {
    "sigma": 0.0652220243505364,
    "num_steps": 564,
    "eps": 0.0015904205664239034,
    "inner_iters": 3359,
    "lr": 0.000174908987561559,
    "batch_size": 512,
    "imf_len": 3,
    "first_coupling": "ind",
    "noise": false
  },
  "dsbm_config": {
    "fb_sequence": [
      "b",
      "f",
      "b"
    ],
    "num_steps": 564,
    "sigma": 0.0652220243505364,
    "eps": 0.0015904205664239034,
    "first_coupling": "ind",
    "inner_iters": 3359,
    "batch_size": 512,
    "lr": 0.000174908987561559,
    "weight_decay": 0.0,
    "grad_clip": 1.0,
    "loss_kind": "mse",
    "loss_reduction": "mean",
    "noise": false,
    "device": "cuda",
    "seed": 42
  },
  "metrics_mean": {
    "avg_kl": 0.600445991513991,
    "avg_wd": 0.16743295874653777,
    "corr_frob": 0.27724411045696334,
    "delta_r2_percent": -48.13666148423074,
    "r2_real": 0.2402989591869102,
    "r2_synth": 0.18625432179416007
  },
  "metrics_std": {
    "avg_kl": 0.18334631079199895,
    "avg_wd": 0.03415541626038918,
    "corr_frob": 0.0844986908412789,
    "delta_r2_percent": 94.56465271223237,
    "r2_real": 0.09666101504908269,
    "r2_synth": 0.17735190911624932
  }
}