dataset,fold,n_train,n_test,avg_kl,avg_wd,corr_frob,delta_r2_percent,r2_real,r2_synth
german_credit,0,800,200,0.6066229796157238,0.1728118753454125,0.1483471679613311,27.53752599332836,0.3069774275606323,0.3915114164690675
german_credit,1,800,200,0.6654587619289437,0.13716408978492542,0.21092735075171998,3.7206935760638222,0.22247668385917774,0.2307543595438032
german_credit,2,800,200,0.8550320799971498,0.21442501195842034,0.37649729705772217,-233.81610461578637,0.10212345990372429,-0.13665763594436653
german_credit,3,800,200,0.28600691293309083,0.19127689815982085,0.314444664193374,-27.098724356708747,0.3820968377205509,0.2785534688906871
german_credit,4,800,200,0.5891092230950471,0.12148691848410968,0.3360040723206695,-11.026698018050812,0.18782038689046576,0.16711000001160914
