dataset,fold,n_train,n_test,avg_kl,avg_wd,corr_frob,delta_r2_percent,r2_real,r2_synth
king_county_housing,0,17290,4323,0.06337067033387583,0.0784067880142071,0.4488499267239906,-19.712683845401326,0.8559407426380177,0.6872118501376079
king_county_housing,1,17290,4323,0.07163465584297964,0.10004692542387722,0.522021032310437,-15.40636635601604,0.8545755240427797,0.7229164880197511
king_county_housing,2,17290,4323,0.06917024735061954,0.0742108325157929,0.3727335099628641,-18.74997319987885,0.8375034805981982,0.680471802437796
king_county_housing,3,17291,4322,0.07360811528090504,0.08569436576907367,0.5071898701850334,-17.739716070206413,0.8612034172642088,0.7084283762544458
king_county_housing,4,17291,4322,0.06575794128430189,0.1100178408102771,0.4490463021840975,-10.5319572967686,0.8490282085449664,0.7596089201833858
