{
  "dataset": "online_shoppers",
  "target_col": "ProductRelated",
  "n_splits": 5,
  "shuffle": true,
  "seed": 42,
  "best_params_path": "C:\\Users\\Anaxagor\\Documents\\projects\\sb-tabular\\sbtab\\experiments\\dsbm_optuna_results\\online_shoppers_best.json",
  "best_params": {
    "sigma": 0.19728953673335278,
    "num_steps": 1191,
    "eps": 0.000545621097338544,
    "inner_iters": 1794,
    "lr": 0.0003118223852635033,
    "batch_size": 512,
    "imf_len": 7,
    "first_coupling": "ind",
    "noise": true
  },
  "dsbm_config": {
    "fb_sequence": [
      "b",
      "f",
      "b",
      "f",
      "b",
      "f",
      "b"
    ],
    "num_steps": 1191,
    "sigma": 0.19728953673335278,
    "eps": 0.000545621097338544,
    "first_coupling": "ind",
    "inner_iters": 1794,
    "batch_size": 512,
    "lr": 0.0003118223852635033,
    "weight_decay": 0.0,
    "grad_clip": 1.0,
    "loss_kind": "mse",
    "loss_reduction": "mean",
    "noise": true,
    "device": "cuda",
    "seed": 42
  },
  "metrics_mean": {
    "avg_kl": 0.08923559078186818,
    "avg_wd": 0.09148576291320185,
    "corr_frob": 0.4240558018019037,
    "delta_r2_percent": -12.099619242781229,
    "r2_real": 0.8017244753107999,
    "r2_synth": 0.7047743802589282
  },
  "metrics_std": {
    "avg_kl": 0.016112591301210413,
    "avg_wd": 0.011559782640722431,
    "corr_frob": 0.0707159662626332,
    "delta_r2_percent": 2.3644715945156025,
    "r2_real": 0.007499970711274163,
    "r2_synth": 0.021841950819113328
  }
}