{
  "dataset": "online_news_popularity",
  "target_col": " shares",
  "n_splits": 5,
  "shuffle": true,
  "seed": 42,
  "best_params_path": "C:\\Users\\Anaxagor\\Documents\\projects\\sb-tabular\\sbtab\\experiments\\dsbm_optuna_results\\online_news_popularity_best.json",
  "best_params": {
    "sigma": 0.2546357490803809,
    "num_steps": 1185,
    "eps": 0.0007717535210042702,
    "inner_iters": 4000,
    "lr": 0.0004339141205235497,
    "batch_size": 128,
    "imf_len": 3,
    "first_coupling": "ind",
    "noise": false
  },
  "dsbm_config": {
    "fb_sequence": [
      "b",
      "f",
      "b"
    ],
    "num_steps": 1185,
    "sigma": 0.2546357490803809,
    "eps": 0.0007717535210042702,
    "first_coupling": "ind",
    "inner_iters": 4000,
    "batch_size": 128,
    "lr": 0.0004339141205235497,
    "weight_decay": 0.0,
    "grad_clip": 1.0,
    "loss_kind": "mse",
    "loss_reduction": "mean",
    "noise": false,
    "device": "cuda",
    "seed": 42
  },
  "metrics_mean": {
    "avg_kl": 0.3335993952256467,
    "avg_wd": 0.20297119639125843,
    "corr_frob": 3.706671315676804,
    "delta_r2_percent": -102.10840549096261,
    "r2_real": -0.015798700684731593,
    "r2_synth": -0.018911536822398923
  },
  "metrics_std": {
    "avg_kl": 0.02981186169671324,
    "avg_wd": 0.018071745300262083,
    "corr_frob": 0.5898898763932496,
    "delta_r2_percent": 217.54105475362124,
    "r2_real": 0.0192119809945645,
    "r2_synth": 0.016551753934040552
  }
}