dataset,fold,n_train,n_test,avg_kl,avg_wd,corr_frob,delta_r2_percent,r2_real,r2_synth
online_news_popularity,0,31715,7929,0.3623620798825884,0.1923237113211538,2.905502061003365,-508.04359644739,0.012219307693277504,-0.04986010257770257
online_news_popularity,1,31715,7929,0.3553148895714208,0.20280535217913132,3.770238184424213,-150.3394377579046,0.001106324324836594,-0.0005569174464050697
online_news_popularity,2,31715,7929,0.32526111374518724,0.18897373833169795,3.1947218059974243,34.91084260257559,-0.027290194048327443,-0.01776295735782929
online_news_popularity,3,31715,7929,0.34560109857114324,0.1928396533584014,4.171517373287933,41.53918978731343,-0.026040520947144374,-0.015223499528889572
online_news_popularity,4,31716,7928,0.2794577943578935,0.2379135267659077,4.491377153671085,71.39097436059254,-0.03898842044630024,-0.01115420720116811
