dataset,fold,n_train,n_test,avg_kl,avg_wd,corr_frob,delta_r2_percent,r2_real,r2_synth
online_shoppers,0,9864,2466,0.11861278973103948,0.10342180970332951,0.40842231907103754,-12.121075836823664,0.8108629472029116,0.7125776344396221
online_shoppers,1,9864,2466,0.0866763235215482,0.07349877241112382,0.5549051264172749,-10.67741157996351,0.7958184277345236,0.7108456187760073
online_shoppers,2,9864,2466,0.09150336251819847,0.1041465133972467,0.4130442050478497,-10.647170476566926,0.7956770834084563,0.7109599878948759
online_shoppers,3,9864,2466,0.07512659657662407,0.09134333147203577,0.33964833700805547,-10.383727114376725,0.8109525015013759,0.7267454067181573
online_shoppers,4,9864,2466,0.07425888156193071,0.08501838758227342,0.404259021465301,-16.668711206175317,0.795311416706732,0.6627432534659786
